grid_key,line,sta,lon,lat,shore,bathy_m,line_dist_km
st0-ln10_hist,10,0,-125.23179768101701,48.27435565298215,nearshore,194.9,0
st20-ln10_hist,10,20,-126.9503370792856,47.60768898631549,nearshore,2471.1,148.087
st40-ln10_hist,10,40,-128.6469773376173,46.9410223196488,nearshore,2735.3,296.166
st60-ln10_hist,10,60,-130.32249007002352,46.27435565298208,nearshore,1884.4,444.237
st80-ln10_hist,10,80,-131.97761302503628,45.60768898631549,offshore,3320.3,592.299
st100-ln10_hist,10,100,-133.6130521333716,44.94102231964881,offshore,3849.8,740.352
st0-ln20_hist,20,0,-123.97214816938414,46.54230484541328,nearshore,4.5,0
st20-ln20_hist,20,20,-125.63537967184965,45.87563817874658,nearshore,2165.3,148.065
st40-ln20_hist,20,40,-127.27864729677636,45.20897151207991,nearshore,2876,296.122
st60-ln20_hist,20,60,-128.90263886140266,44.54230484541321,nearshore,2786.3,444.17
st80-ln20_hist,20,80,-130.50801333197356,43.87563817874659,offshore,3332.2,592.21
st100-ln20_hist,20,100,-132.0954025087543,43.20897151207993,offshore,3667.8,740.241
st120-ln20_hist,20,120,-133.6654125924714,42.54230484541318,offshore,3821.7,888.264
st0-ln30_hist,30,0,-124.03628041913377,45.28556855325451,nearshore,55.2,0
st20-ln30_hist,30,20,-124.35323791157873,44.14358737117771,nearshore,87.1,129.573
st40-ln30_hist,30,40,-125.9477815422099,43.47692070451109,nearshore,3051.9,277.608
st60-ln30_hist,30,60,-127.5247054144425,42.810254037844395,nearshore,2785.3,425.634
st80-ln30_hist,30,80,-129.0846011217666,42.143587371177716,offshore,3312,573.652
st100-ln30_hist,30,100,-130.62803693967606,41.47692070451106,offshore,3334.9,721.66
st120-ln30_hist,30,120,-132.15555912819025,40.810254037844366,offshore,3804.4,869.661
st140-ln30_hist,30,140,-133.66769314736936,40.14358737117775,offshore,3544.9,1017.653
st20-ln40_hist,40,20,-124.49572697454774,42.94169096202203,nearshore,6.1,0
st40-ln40_hist,40,40,-124.6512565301242,41.74486989694217,nearshore,711.4,133.843
st60-ln40_hist,40,60,-126.1851104875947,41.07820323027552,nearshore,3097.1,281.846
st80-ln40_hist,40,80,-127.7033675063726,40.411536563608855,offshore,1942.3,429.842
st100-ln40_hist,40,100,-129.20654115403516,39.74486989694218,offshore,4504,577.829
st120-ln40_hist,40,120,-130.69512597714527,39.07820323027552,offshore,4481.5,725.807
st140-ln40_hist,40,140,-132.1695985216699,38.41153656360887,offshore,5010.7,873.777
st100-ln50_hist,50,100,-127.8269717726692,38.01281908937334,offshore,4619.3,0
st120-ln50_hist,50,120,-129.27983900796903,37.346152422706595,offshore,4735.3,147.957
st140-ln50_hist,50,140,-130.71975460820008,36.67948575603993,offshore,4963.8,295.905
st40-ln55_hist,55,40,-124.22100990075123,40.052598261627374,nearshore,171.5,0
st60-ln55_hist,55,60,-124.24063593441218,38.4801270189222,nearshore,3491.8,175.055
st80-ln55_hist,55,80,-125.7028396489139,37.81346035225554,offshore,4289.6,323.017
st45-ln60,60,45,-122.40165468786763,37.973290161143886,nearshore,0,0
st53-ln60,60,53,-123.09942,37.84743000000001,nearshore,87,62.864
st60-ln60,60,60,-123.60825,37.61409999999999,nearshore,3294.6,114.648
st70-ln60,60,70,-124.33237000000001,37.28077000000002,offshore,3992.4,188.623
st80-ln60,60,80,-125.05327000000001,36.947429999999954,offshore,4296.3,262.597
st90-ln60,60,90,-125.77099000000001,36.61409999999997,offshore,4524.3,336.568
st100-ln60,60,100,-126.48559000000002,36.28077,offshore,4633.8,410.538
st110-ln60_hist,60,110,-127.197340790777,35.94743494847108,offshore,4823.1,484.522
st140-ln60_hist,60,140,-129.31406226266583,34.94743494847107,offshore,4833.5,706.414
st160-ln60_hist,60,160,-130.71074635704431,34.28076828180442,offshore,5317.3,854.333
st180-ln60_hist,60,180,-132.09629525365744,33.61410161513774,offshore,4953.7,1002.245
st200-ln60_hist,60,200,-133.47106914717824,32.947434948471084,offshore,4658.7,1150.148
st52-ln63.3,63.3,52,-122.61783,37.30919,nearshore,85.8,0
st55-ln63.3,63.3,55,-122.83452,37.20918999999999,nearshore,303.6,22.193
st60-ln63.3,63.3,60,-123.19502,37.042520000000046,nearshore,2595.1,59.179
st70-ln63.3,63.3,70,-123.91363999999999,36.709190000000035,offshore,3877.8,133.151
st80-ln63.3,63.3,80,-124.62912000000001,36.375859999999996,offshore,4167.9,207.12
st90-ln63.3,63.3,90,-125.34151999999999,36.042520000000025,offshore,4577.6,281.089
st100-ln63.3,63.3,100,-126.05088000000002,35.709190000000014,offshore,4674.2,355.054
st50-ln66.7,66.7,50,-122.05633,36.78695999999999,nearshore,248.5,0
st55-ln66.7,66.7,55,-122.41482000000002,36.62028999999999,nearshore,2750.2,36.985
st60-ln66.7,66.7,60,-122.77254000000002,36.45362999999998,nearshore,2938.6,73.97
st65-ln66.7,66.7,65,-123.12948,36.286960000000015,offshore,3259.5,110.955
st70-ln66.7,66.7,70,-123.48565,36.12029000000002,offshore,3587.2,147.939
st75-ln66.7,66.7,75,-123.84106,35.95363,offshore,3928,184.922
st80-ln66.7,66.7,80,-124.19571000000002,35.78696000000001,offshore,3963.7,221.905
st85-ln66.7,66.7,85,-124.54962000000002,35.62029000000004,offshore,4241.7,258.887
st90-ln66.7,66.7,90,-124.90278000000002,35.45362999999999,offshore,4396,295.869
st95-ln66.7,66.7,95,-125.2552,35.28696,offshore,4503.2,332.85
st100-ln66.7,66.7,100,-125.60689000000002,35.12029000000001,offshore,4612.4,369.831
st51-ln70,70,51,-121.72586,36.18205000000001,nearshore,295.4,0
st55-ln70,70,55,-122.01048,36.04872000000004,nearshore,1311.6,29.587
st60-ln70,70,60,-122.36556,35.88205000000001,nearshore,3057.8,66.57
st70-ln70,70,70,-123.07348,35.54872,offshore,3791.8,140.535
st80-ln70,70,80,-123.77843000000001,35.215379999999996,offshore,4114.5,214.498
st90-ln70,70,90,-124.48047,34.88204999999996,offshore,4329.3,288.458
st100-ln70,70,100,-125.17964,34.548719999999996,offshore,4546.2,362.416
st140-ln70_hist,70,140,-127.94884124730119,33.215384140902216,offshore,4517.3,658.244
st160-ln70_hist,70,160,-129.3173383791917,32.54871747423553,offshore,4352.3,806.142
st180-ln70_hist,70,180,-130.6756132922231,31.8820508075689,offshore,4552.2,954.033
st200-ln70_hist,70,200,-132.02399843905008,31.215384140902202,offshore,4608,1101.916
st50-ln73.3,73.3,50,-121.25575,35.64381,nearshore,28.8,0
st55-ln73.3,73.3,55,-121.60901,35.477140000000055,nearshore,990.2,36.982
st60-ln73.3,73.3,60,-121.96154,35.31047,nearshore,2485.1,73.963
st70-ln73.3,73.3,70,-122.6644,34.977139999999984,offshore,4060.1,147.924
st80-ln73.3,73.3,80,-123.36438999999999,34.643809999999995,offshore,4161,221.883
st90-ln73.3,73.3,90,-124.06154000000001,34.310470000000024,offshore,3220.5,295.841
st100-ln73.3,73.3,100,-124.7559,33.977139999999956,offshore,4547.2,369.795
st49-ln76.7,76.7,49,-120.77739999999999,35.08823999999997,nearshore,71.5,0
st51-ln76.7,76.7,51,-120.91782000000002,35.02157999999998,nearshore,242.3,14.792
st55-ln76.7,76.7,55,-121.19831,34.88824000000003,nearshore,564.5,44.376
st60-ln76.7,76.7,60,-121.54828000000002,34.72158000000001,nearshore,949.3,81.356
st70-ln76.7,76.7,70,-122.24608,34.38823999999998,offshore,4027.1,155.313
st80-ln76.7,76.7,80,-122.94109,34.05491000000001,offshore,4240,229.269
st90-ln76.7,76.7,90,-123.63334999999998,33.72157999999998,offshore,4302.2,303.222
st100-ln76.7,76.7,100,-124.32289,33.388239999999996,offshore,4592.3,377.173
st50.5-ln80,80,50.5,-120.48906000000001,34.46667000000004,nearshore,27.9,0
st51-ln80,80,51,-120.52390000000001,34.450000000000024,nearshore,76.1,3.697
st55-ln80,80,55,-120.80244999999998,34.31666999999998,nearshore,801.3,33.28
st60-ln80,80,60,-121.14999999999999,34.14999999999998,nearshore,2204.2,70.258
st70-ln80,80,70,-121.84304000000002,33.81667,offshore,3636.9,144.212
st80-ln80,80,80,-122.53335,33.48333,offshore,3991.8,218.164
st90-ln80,80,90,-123.22098999999999,33.150000000000006,offshore,4241.7,292.114
st100-ln80,80,100,-123.90599,32.81666999999999,offshore,4386.7,366.061
st140-ln80_hist,80,140,-126.6207726573165,31.483333333333288,offshore,3561.5,661.846
st160-ln80_hist,80,160,-127.96339778795523,30.816666666666684,offshore,4148.3,809.724
st180-ln80_hist,80,180,-129.29664438448694,30.149999999999963,offshore,4675.1,957.596
st200-ln80_hist,80,200,-130.62082052614522,29.483333333333334,offshore,4651,1105.459
st43.5-ln81.7,81.7,43.5,-119.80036999999999,34.405549999999984,nearshore,14.2,0
st46.9-ln81.8,81.8,46.9,-120.02524,34.27489999999999,nearshore,582.1,0
st39.4-ln83.3,83.3,39.4,-119.32781,34.265090000000015,nearshore,24.2,0
st40.6-ln83.3,83.3,40.6,-119.41124000000002,34.22509000000003,nearshore,33.4,8.875
st42-ln83.3,83.3,42,-119.50851,34.17842000000004,nearshore,149.3,19.228
st51-ln83.3,83.3,51,-120.13258,33.87842000000004,nearshore,104.3,85.788
st55-ln83.3,83.3,55,-120.40923,33.74509,nearshore,1005.5,115.369
st60-ln83.3,83.3,60,-120.75443,33.578419999999994,nearshore,1434.6,152.345
st70-ln83.3,83.3,70,-121.44283,33.24508999999999,offshore,3802,226.295
st80-ln83.3,83.3,80,-122.12858,32.91176000000002,offshore,4193.3,300.243
st90-ln83.3,83.3,90,-122.81173,32.57841999999997,offshore,4274.5,374.19
st100-ln83.3,83.3,100,-123.49232000000002,32.245089999999976,offshore,4164.5,448.135
st110-ln83.3,83.3,110,-124.17040000000001,31.911759999999994,offshore,4225.4,522.077
st35.8-ln85.4,85.4,35.8,-118.83413,34.021360000000016,nearshore,5.4,0
st33-ln86.7,86.7,33,-118.49032999999999,33.889530000000015,nearshore,68.2,0
st35-ln86.7,86.7,35,-118.62873000000002,33.822859999999984,nearshore,663.9,14.791
st40-ln86.7,86.7,40,-118.97424999999998,33.65618999999998,nearshore,729.3,51.768
st45-ln86.7,86.7,45,-119.3191,33.48953000000001,nearshore,1641.9,88.743
st50-ln86.7,86.7,50,-119.66327,33.32286000000003,nearshore,77,125.718
st55-ln86.7,86.7,55,-120.00678,33.15618999999995,nearshore,1208.8,162.693
st60-ln86.7,86.7,60,-120.34964,32.989529999999974,nearshore,741.5,199.668
st70-ln86.7,86.7,70,-121.03339,32.656189999999974,offshore,3798.1,273.615
st80-ln86.7,86.7,80,-121.71457,32.32286000000003,offshore,4056,347.559
st90-ln86.7,86.7,90,-122.39322999999999,31.989530000000013,offshore,4118.8,421.502
st100-ln86.7,86.7,100,-123.0694,31.656189999999988,offshore,4123.3,495.444
st110-ln86.7,86.7,110,-123.74313,31.322859999999977,offshore,3965.1,569.383
st32.5-ln86.8,86.8,32.5,-118.44422999999999,33.888870000000004,nearshore,61.2,0
st30.1-ln88.5,88.5,30.1,-118.08368999999999,33.67442000000001,nearshore,19,0
st27.7-ln90,90,27.7,-117.74740999999999,33.494620000000026,nearshore,29.4,0
st28-ln90,90,28,-117.76808,33.48461999999999,nearshore,80.9,2.218
st30-ln90,90,30,-117.90582,33.41795000000001,nearshore,617.4,17.009
st35-ln90,90,35,-118.24971,33.25128000000001,nearshore,379,53.984
st37-ln90,90,37,-118.38708,33.184619999999974,nearshore,1178.9,68.773
st45-ln90,90,45,-118.93551,32.91795000000001,nearshore,1699,127.932
st53-ln90,90,53,-119.48228,32.65127999999999,nearshore,1315.4,187.09
st60-ln90,90,60,-119.95934999999999,32.41795000000002,nearshore,899,238.852
st70-ln90,90,70,-120.63872,32.08462000000001,offshore,3834.4,312.795
st80-ln90,90,80,-121.31559,31.751280000000015,offshore,3682,386.737
st90-ln90,90,90,-121.99001000000001,31.417950000000037,offshore,3900.9,460.676
st100-ln90,90,100,-122.66202,31.084619999999987,offshore,4015.1,534.614
st110-ln90,90,110,-123.33163999999998,30.751280000000005,offshore,4024.5,608.55
st120-ln90,90,120,-123.99893000000002,30.417949999999983,offshore,4261.5,682.484
st140-ln90_hist,90,140,-125.32685064514247,29.75128252576444,offshore,4384.7,830.361
st160-ln90_hist,90,160,-126.64574562163756,29.084615859097802,offshore,4355.5,978.221
st180-ln90_hist,90,180,-127.95604483442781,28.417949192431134,offshore,4626.9,1126.073
st200-ln90_hist,90,200,-129.2580349109249,27.75128252576447,offshore,4206,1273.917
st26.4-ln91.7,91.7,26.4,-117.46542000000001,33.24349999999996,nearshore,61.7,0
st26.7-ln93.3,93.3,26.7,-117.30538000000001,32.95637000000003,nearshore,93.1,0
st28-ln93.3,93.3,28,-117.39438,32.91303999999999,nearshore,604.7,9.613
st30-ln93.3,93.3,30,-117.53122,32.84636999999998,nearshore,855.2,24.403
st35-ln93.3,93.3,35,-117.87286,32.67970999999995,nearshore,613.6,61.375
st40-ln93.3,93.3,40,-118.21386,32.513040000000004,nearshore,1661,98.348
st45-ln93.3,93.3,45,-118.55423000000002,32.346369999999986,nearshore,1367.7,135.322
st50-ln93.3,93.3,50,-118.89396000000002,32.17971,nearshore,1473.9,172.293
st55-ln93.3,93.3,55,-119.23306,32.01304000000004,nearshore,1594.4,209.264
st60-ln93.3,93.3,60,-119.57154,31.846370000000007,nearshore,1873.9,246.235
st70-ln93.3,93.3,70,-120.24666,31.513039999999986,offshore,3939,320.176
st80-ln93.3,93.3,80,-120.91934999999998,31.17970999999998,offshore,3838.9,394.114
st90-ln93.3,93.3,90,-121.58965,30.84636999999997,offshore,4109.6,468.051
st100-ln93.3,93.3,100,-122.25760000000001,30.51304000000003,offshore,4184.8,541.985
st110-ln93.3,93.3,110,-122.92324,30.179709999999965,offshore,3839.6,615.917
st120-ln93.3,93.3,120,-123.58661000000001,29.84637000000003,offshore,4101.5,689.847
st26.4-ln93.4,93.4,26.4,-117.27357,32.94905000000003,nearshore,17.2,0
st20-ln100_hist,100,20,-116.84880392238598,31.928158642799993,nearshore,216.8,0
st40-ln100_hist,100,40,-117.45069022872794,31.352565051528924,nearshore,1903.2,85.787
st60-ln100_hist,100,60,-118.79145102779508,30.68589838486222,nearshore,2786.3,233.664
st80-ln100_hist,100,80,-120.12289441988797,30.0192317181956,offshore,3860,381.533
st100-ln100_hist,100,100,-121.44532676776541,29.352565051528906,offshore,3983.5,529.396
st120-ln100_hist,100,120,-122.75904593548992,28.685898384862227,offshore,4229.1,677.25
st140-ln100_hist,100,140,-124.06434169384468,28.01923171819555,offshore,4307.4,825.098
st160-ln100_hist,100,160,-125.36149610507856,27.352565051528927,offshore,4417.5,972.939
st180-ln100_hist,100,180,-126.65078388832733,26.685898384862224,offshore,4444.3,1120.772
st200-ln100_hist,100,200,-127.93247276696279,26.019231718195574,offshore,4069.2,1268.599
st0-ln110_hist,110,0,-113.6662268221794,30.953847577293427,nearshore,59.1,0
st20-ln110_hist,110,20,-114.38346671929402,30.338608964043434,nearshore,51.7,97
st40-ln110_hist,110,40,-116.32739562083275,29.620514243960052,nearshore,2488.6,300.773
st60-ln110_hist,110,60,-117.64458154951464,28.953847577293384,nearshore,3584.1,448.631
st80-ln110_hist,110,80,-118.95322855071052,28.287180910626724,offshore,3933.6,596.482
st100-ln110_hist,110,100,-120.25362173993612,27.620514243960002,offshore,4057.7,744.325
st120-ln110_hist,110,120,-121.54603874496293,26.953847577293324,offshore,4298.9,892.161
st140-ln110_hist,110,140,-122.83075006028643,26.287180910626716,offshore,4035.3,1039.991
st160-ln110_hist,110,160,-124.1080193842269,25.620514243960063,offshore,4211.2,1187.813
st180-ln110_hist,110,180,-125.37810393977426,24.95384757729333,offshore,4112,1335.629
st0-ln120_hist,120,0,-112.60562210538356,29.221796769724502,nearshore,178.1,0
st20-ln120_hist,120,20,-114.49186004357148,28.516446935806144,nearshore,130.3,199.939
st40-ln120_hist,120,40,-115.22134321551795,27.888463436391152,nearshore,10.3,299.981
st60-ln120_hist,120,60,-116.51693313493922,27.221796769724456,nearshore,3750.8,447.821
st80-ln120_hist,120,80,-117.8047094818779,26.55513010305779,offshore,3882.1,595.653
st100-ln120_hist,120,100,-119.08493864674715,25.888463436391145,offshore,4094.9,743.478
st120-ln120_hist,120,120,-120.35788041756058,25.221796769724516,offshore,3986.7,891.297
st140-ln120_hist,120,140,-121.6237882915541,24.555130103057827,offshore,4140,1039.109
st160-ln120_hist,120,160,-122.88290977216974,23.88846343639118,offshore,4208.1,1186.914
st-20-ln130_hist,130,-20,-110.6455611303028,27.472819006731328,nearshore,11.1,0
st0-ln130_hist,130,0,-111.55691742031856,27.489745962155574,nearshore,1831.8,90.024
st20-ln130_hist,130,20,-112.95742649750223,26.227116299144708,nearshore,73,287.759
st40-ln130_hist,130,40,-114.13103279776284,26.156412628822252,nearshore,2253,405.253
st60-ln130_hist,130,60,-115.40687273112756,25.489745962155556,nearshore,3819.4,553.074
st80-ln130_hist,130,80,-116.67557761786311,24.823079295488935,offshore,4040.8,700.889
st100-ln130_hist,130,100,-117.93739733566328,24.156412628822256,offshore,3839.4,848.697
st120-ln130_hist,130,120,-119.19257593943648,23.489745962155606,offshore,4153.3,996.498
st140-ln130_hist,130,140,-120.44135193678652,22.823079295488956,offshore,4090.6,1144.294
st-20-ln140_hist,140,-20,-109.24017483394125,26.424361821253402,nearshore,0.4,0
st0-ln140_hist,140,0,-110.51895427962862,25.757695154586703,nearshore,990.2,147.824
st20-ln140_hist,140,20,-112.39478708019337,24.97928393769958,nearshore,101.9,355.448
st40-ln140_hist,140,40,-113.05505391894759,24.424361821253424,nearshore,3338.3,446.414
st60-ln140_hist,140,60,-114.31287277254032,23.757695154586713,nearshore,4221.6,594.218
st80-ln140_hist,140,80,-115.56419380744961,23.091028487920042,offshore,3921,742.016
st100-ln140_hist,140,100,-116.80925234006521,22.424361821253385,offshore,3803.6,889.807
st120-ln140_hist,140,120,-118.0482785543562,21.7576951545867,offshore,3962.6,1037.593
st-20-ln150_hist,150,-20,-108.23012561734406,24.692311013684492,nearshore,100.4,0
st0-ln150_hist,150,0,-109.49062360185913,24.025644347017856,nearshore,1522.6,147.807
st20-ln150_hist,150,20,-110.7445276850907,23.358977680351174,nearshore,506.2,295.607
st40-ln150_hist,150,40,-111.99207531776723,22.69231101368453,nearshore,3337.7,443.401
st60-ln150_hist,150,60,-113.23349871665114,22.02564434701785,nearshore,3736.8,591.189
st80-ln150_hist,150,80,-114.46902511386405,21.358977680351213,offshore,3689.3,738.971
st100-ln150_hist,150,100,-115.69887699546938,20.692311013684538,offshore,3865,886.748
st-40-ln160_hist,160,-40,-106.24325124982795,22.910645989179717,nearshore,46,0
st-20-ln160_hist,160,-20,-107.22700251265671,22.960260206115688,nearshore,1211.2,101.004
st0-ln160_hist,160,0,-108.47085980113933,22.293593539448963,nearshore,3083.4,248.795
st20-ln160_hist,160,20,-109.70872934155412,21.626926872782303,nearshore,3092.9,396.579
st40-ln160_hist,160,40,-110.94083549950234,20.96026020611562,nearshore,3437,544.358
st60-ln160_hist,160,60,-112.1673980323614,20.29359353944897,nearshore,3163.1,692.131
st80-ln160_hist,160,80,-113.38863231206334,19.6269268727823,offshore,3816.4,839.898
